[
 {
 "href":"http://www.google.com",
 "src":"img/b0.jpg",
 "alt":"5"
 },
 {
 "href":"http://www.google.com",
 "src":"img/b10.jpg",
 "alt":"6"
 },
 {
 "href":"http://www.google.com",
 "src":"img/b12.jpg",
 "alt":"7"
 },
 {
 "href":"http://www.google.com",
 "src":"img/b13.jpg",
 "alt":"8"
 },
 {
 "href":"http://www.google.com",
 "src":"img/b14.jpg",
 "alt":"9"
 },
  {
 "href":"http://www.google.com",
 "src":"img/b0.jpg",
 "alt":"5"
 },
 {
 "href":"http://www.google.com",
 "src":"img/b10.jpg",
 "alt":"6"
 },
 {
 "href":"http://www.google.com",
 "src":"img/b12.jpg",
 "alt":"7"
 },
 {
 "href":"http://www.google.com",
 "src":"img/b13.jpg",
 "alt":"8"
 }
]